id,target
12979,0
2960,0
2473,0
2594,0
3561,0
20045,0
927,0
10784,0
2973,0
15860,0
17840,0
11942,0
733,0
12973,0
13842,0
23712,0
20365,0
20096,0
5262,0
13991,0
8684,0
13417,0
4118,0
18130,0
24318,0
10451,0
18400,0
7722,0
11499,0
12873,0
22324,0
16539,0
12265,0
21153,0
16354,0
22309,0
19373,0
17062,0
11025,0
10578,0
18887,0
10993,0
21800,0
1925,0
22743,0
11261,0
797,0
14063,0
15002,0
5364,0
5931,0
1949,0
13373,0
10611,0
1502,0
16533,0
5885,0
18284,0
10091,0
6125,0
5892,0
18065,0
3714,0
17221,0
2049,0
4138,0
8184,0
7855,0
9774,0
1279,0
1029,0
18410,0
4949,0
1805,0
4513,0
14930,0
17128,0
9738,0
22011,0
5936,0
4639,0
1032,0
21236,0
6254,0
474,0
1164,0
8132,0
3113,0
18581,0
18048,0
2667,0
5511,0
2215,0
9467,0
8626,0
11413,0
7984,0
16750,0
762,0
2905,0
9096,0
5952,0
13449,0
24709,0
10732,0
2336,0
16662,0
9281,0
16590,0
23601,0
10605,0
1721,0
19806,0
18919,0
15850,0
14998,0
5983,0
9635,0
11093,0
5523,0
24153,0
173,0
9130,0
10935,0
3967,0
7757,0
17515,0
21932,0
6992,0
17209,0
13392,0
630,0
18498,0
23997,0
13174,0
5622,0
13053,0
22961,0
21668,0
10618,0
10217,0
1781,0
1310,0
12489,0
13002,0
8468,0
9353,0
20444,0
9764,0
9741,0
5621,0
21719,0
9777,0
16569,0
19697,0
16111,0
15728,0
1344,0
7581,0
11235,0
9521,0
9616,0
3905,0
20356,0
22815,0
24299,0
7072,0
1144,0
13391,0
6107,0
23735,0
8360,0
14475,0
24243,0
2933,0
9964,0
1683,0
19023,0
6070,0
1924,0
14654,0
8804,0
6899,0
1218,0
13571,0
21415,0
1108,0
8125,0
13447,0
2313,0
6500,0
18289,0
6199,0
10949,0
20800,0
17493,0
14454,0
3289,0
4325,0
1538,0
25003,0
14521,0
6569,0
19995,0
13096,0
1935,0
11834,0
10952,0
23942,0
3959,0
9091,0
23881,0
19234,0
3397,0
16385,0
22726,0
14525,0
17970,0
3982,0
23175,0
13774,0
16211,0
5247,0
8082,0
23975,0
17482,0
8788,0
17194,0
22908,0
8963,0
20481,0
5794,0
24052,0
23999,0
2644,0
769,0
24701,0
3520,0
16023,0
3590,0
8822,0
4232,0
2132,0
6217,0
8069,0
6222,0
21581,0
18729,0
5222,0
19913,0
21788,0
16279,0
3616,0
12857,0
3945,0
9127,0
22648,0
22868,0
11156,0
12884,0
22995,0
4578,0
2703,0
12550,0
15339,0
12211,0
9617,0
12847,0
1277,0
21441,0
14914,0
14638,0
22715,0
23989,0
9717,0
17539,0
3952,0
9104,0
24849,0
2315,0
13948,0
20809,0
11480,0
23203,0
6524,0
12076,0
2749,0
12874,0
11564,0
15178,0
8854,0
7328,0
15214,0
5100,0
15963,0
15307,0
19077,0
22863,0
4535,0
14087,0
23057,0
15237,0
10863,0
20432,0
23606,0
15561,0
1169,0
19168,0
5657,0
3833,0
5173,0
20052,0
18699,0
8662,0
14496,0
12456,0
23108,0
9259,0
8040,0
16118,0
2250,0
1679,0
13435,0
14988,0
17655,0
6454,0
24632,0
22414,0
16677,0
4817,0
416,0
2262,0
14208,0
15954,0
20810,0
1098,0
910,0
11944,0
7912,0
9990,0
21823,0
5718,0
13051,0
18025,0
13134,0
3723,0
24969,0
18426,0
3636,0
1483,0
22081,0
2187,0
17678,0
21713,0
3591,0
10046,0
21924,0
17881,0
6638,0
1613,0
13589,0
5226,0
6878,0
263,0
22539,0
7904,0
3320,0
16219,0
12906,0
12339,0
22749,0
21964,0
17236,0
14465,0
12606,0
17988,0
19453,0
11753,0
11828,0
4147,0
10902,0
12315,0
11985,0
4452,0
11603,0
21799,0
22029,0
15790,0
22224,0
3165,0
6783,0
22303,0
16643,0
10103,0
16844,0
6925,0
7203,0
15798,0
11761,0
8238,0
22391,0
508,0
22167,0
3388,0
10844,0
2901,0
15446,0
22790,0
8195,0
2790,0
20659,0
16515,0
18951,0
250,0
13950,0
10834,0
14391,0
22437,0
17462,0
12504,0
11047,0
19380,0
12262,0
20153,0
16080,0
21452,0
10810,0
3323,0
21909,0
18738,0
4615,0
1320,0
18070,0
10463,0
3644,0
17951,0
3428,0
6986,0
8235,0
21656,0
15645,0
19199,0
14110,0
9749,0
2084,0
15945,0
23509,0
12934,0
11281,0
18980,0
20024,0
16853,0
21898,0
8464,0
8088,0
5214,0
5606,0
11947,0
10256,0
23393,0
22679,0
16468,0
21477,0
16260,0
931,0
15489,0
7863,0
11962,0
14187,0
956,0
15344,0
3087,0
14844,0
17862,0
5766,0
2634,0
5960,0
24757,0
4843,0
6735,0
8016,0
4497,0
20881,0
23155,0
13719,0
18074,0
4100,0
10969,0
17589,0
18270,0
14653,0
2804,0
574,0
9664,0
8350,0
13820,0
14617,0
3618,0
12987,0
764,0
11396,0
3823,0
11898,0
10374,0
20513,0
21837,0
23907,0
23707,0
23535,0
6381,0
4473,0
6776,0
4111,0
19278,0
8309,0
2926,0
795,0
5637,0
93,0
6873,0
1869,0
3740,0
6210,0
2214,0
6732,0
19654,0
6175,0
18914,0
9470,0
16209,0
23708,0
1647,0
5460,0
3839,0
18659,0
25062,0
1158,0
9184,0
9129,0
24878,0
23970,0
3059,0
14692,0
8370,0
12865,0
7654,0
14660,0
8758,0
16516,0
21516,0
7954,0
15133,0
21642,0
19240,0
8339,0
20148,0
4786,0
11880,0
6460,0
275,0
18968,0
22295,0
4429,0
9486,0
19267,0
21655,0
11817,0
6434,0
23313,0
21637,0
7045,0
14589,0
18734,0
12764,0
15777,0
18432,0
8494,0
15095,0
11062,0
22066,0
24680,0
22422,0
20700,0
755,0
11307,0
23040,0
13460,0
4734,0
13387,0
7873,0
24089,0
1142,0
18386,0
22829,0
3578,0
23068,0
20657,0
11578,0
19309,0
8947,0
5597,0
13241,0
8544,0
17557,0
9816,0
14839,0
14083,0
15830,0
6580,0
5099,0
7807,0
13881,0
21564,0
22089,0
5848,0
11197,0
4982,0
13920,0
396,0
15143,0
23590,0
6811,0
9840,0
14343,0
22721,0
19136,0
11154,0
6408,0
17568,0
6978,0
1724,0
13472,0
22574,0
14149,0
10883,0
17775,0
22194,0
19351,0
282,0
5693,0
3167,0
5912,0
16075,0
23105,0
22047,0
693,0
14464,0
16234,0
19915,0
2592,0
12435,0
1936,0
10923,0
5547,0
23266,0
205,0
15526,0
14937,0
12016,0
24367,0
16986,0
22974,0
8231,0
1156,0
11988,0
9080,0
18391,0
10355,0
5673,0
11652,0
5505,0
22638,0
14581,0
5049,0
17193,0
22307,0
7100,0
21746,0
23620,0
6583,0
20795,0
11361,0
8566,0
11354,0
8489,0
12993,0
10279,0
8864,0
20013,0
14300,0
24833,0
3339,0
21489,0
21340,0
24230,0
24856,0
20835,0
2748,0
2351,0
23958,0
19326,0
9307,0
3083,0
18954,0
7623,0
14504,0
18326,0
15004,0
5451,0
2738,0
15628,0
12453,0
11305,0
22207,0
24921,0
9250,0
17039,0
3600,0
19716,0
18610,0
17167,0
10325,0
20633,0
22374,0
18838,0
5490,0
21596,0
20200,0
21863,0
2119,0
6311,0
13946,0
24918,0
17157,0
22888,0
357,0
2893,0
3099,0
14201,0
1010,0
5821,0
11857,0
380,0
12596,0
138,0
10702,0
6021,0
10469,0
14786,0
10236,0
23523,0
2176,0
6450,0
15292,0
156,0
16365,0
11516,0
20547,0
10815,0
478,0
18106,0
18299,0
18446,0
7714,0
7116,0
14156,0
6502,0
291,0
5980,0
2778,0
5860,0
878,0
5590,0
1003,0
7349,0
4711,0
1839,0
21215,0
16504,0
24480,0
7206,0
8000,0
21673,0
15959,0
4379,0
560,0
14113,0
13344,0
10906,0
5200,0
20387,0
8023,0
7635,0
7111,0
16442,0
9987,0
15181,0
13223,0
8301,0
938,0
5783,0
15003,0
3348,0
4683,0
8659,0
16686,0
21331,0
20799,0
109,0
13255,0
15706,0
5000,0
10513,0
4932,0
5743,0
216,0
6249,0
6236,0
1754,0
6719,0
9200,0
4971,0
5034,0
5644,0
25024,0
8283,0
5865,0
10254,0
12496,0
15897,0
1153,0
702,0
14726,0
15886,0
17299,0
1318,0
11729,0
4480,0
4894,0
8588,0
13178,0
4058,0
21102,0
10201,0
11586,0
2448,0
8757,0
18114,0
11769,0
14803,0
4879,0
4392,0
12258,0
13642,0
254,0
22389,0
10465,0
19450,0
2573,0
21700,0
24867,0
10468,0
2630,0
11629,0
13421,0
9300,0
3909,0
15627,0
15603,0
19677,0
9970,0
832,0
8590,0
5178,0
10312,0
20427,0
5592,0
15256,0
24821,0
20592,0
15435,0
1952,0
23126,0
14522,0
12960,0
4517,0
10556,0
14166,0
19034,0
18452,0
1549,0
4056,0
10227,0
11346,0
15813,0
6971,0
4062,0
20055,0
18467,0
11541,0
9167,0
2397,0
5788,0
16015,0
21473,0
17153,0
2035,0
24541,0
219,0
967,0
9401,0
2366,0
17454,0
23469,0
16417,0
14505,0
20464,0
13675,0
19549,0
15074,0
19787,0
22591,0
9264,0
11052,0
6491,0
3572,0
4286,0
24340,0
3383,0
1644,0
2021,0
18543,0
3702,0
12630,0
17825,0
17673,0
15154,0
4693,0
14514,0
20940,0
20220,0
4728,0
6653,0
11696,0
10440,0
1056,0
6848,0
2521,0
1906,0
17143,0
11807,0
4565,0
5307,0
19595,0
4037,0
11334,0
1636,0
24314,0
8933,0
18742,0
5412,0
9084,0
17617,0
12714,0
12490,0
5156,0
3631,0
807,0
14250,0
20341,0
1033,0
8202,0
16980,0
17638,0
5504,0
17045,0
16570,0
13595,0
4987,0
2827,0
11669,0
22085,0
4800,0
15786,0
9251,0
151,0
12184,0
9656,0
23154,0
23357,0
7972,0
982,0
19141,0
7517,0
1588,0
16509,0
14579,0
6127,0
5717,0
7859,0
12665,0
7066,0
22239,0
7277,0
11459,0
24095,0
23902,0
17865,0
22934,0
23047,0
376,0
1986,0
2520,0
18195,0
21724,0
7059,0
24272,0
24407,0
13899,0
15667,0
20388,0
12166,0
19209,0
21999,0
5934,0
15109,0
4754,0
4068,0
13544,0
4224,0
2391,0
3505,0
1157,0
7274,0
1993,0
3378,0
14060,0
24723,0
4951,0
20499,0
4229,0
6103,0
2837,0
18103,0
24557,0
18707,0
21621,0
12609,0
19093,0
18157,0
21907,0
20573,0
20612,0
2773,0
20632,0
4297,0
23581,0
11763,0
20087,0
21857,0
8904,0
10938,0
720,0
15565,0
9358,0
24629,0
2443,0
13608,0
1570,0
6109,0
75,0
9969,0
17152,0
7235,0
14718,0
969,0
19196,0
776,0
3837,0
14846,0
14761,0
147,0
14046,0
4281,0
14280,0
14210,0
21571,0
23200,0
12644,0
22251,0
640,0
18466,0
6626,0
16291,0
14835,0
20043,0
6849,0
16821,0
17332,0
24836,0
2735,0
24939,0
6072,0
10927,0
4820,0
44,0
15795,0
14758,0
23547,0
1496,0
13755,0
12698,0
22916,0
9662,0
261,0
22183,0
9408,0
7160,0
6409,0
9973,0
16917,0
11306,0
18584,0
13930,0
18811,0
14895,0
24601,0
2331,0
10879,0
17612,0
12267,0
13262,0
17553,0
10497,0
5866,0
12782,0
17998,0
16962,0
8327,0
14997,0
1290,0
6464,0
24776,0
13610,0
15779,0
16818,0
10587,0
18943,0
15835,0
4607,0
15453,0
9294,0
11609,0
23404,0
24963,0
7930,0
16877,0
20228,0
15586,0
20639,0
13837,0
10252,0
8187,0
8961,0
10088,0
72,0
13616,0
3917,0
17794,0
22399,0
16262,0
23883,0
12804,0
19774,0
19954,0
2869,0
11582,0
13128,0
22277,0
21030,0
5407,0
4988,0
5910,0
19748,0
15922,0
3121,0
6961,0
10151,0
17302,0
14773,0
13003,0
16349,0
20865,0
2096,0
11397,0
2533,0
7037,0
21246,0
8201,0
15955,0
7848,0
6800,0
8422,0
17735,0
23512,0
23270,0
3024,0
7772,0
8160,0
9876,0
3373,0
7031,0
19828,0
2293,0
15836,0
7251,0
9600,0
17603,0
3531,0
21849,0
16170,0
685,0
17608,0
19972,0
3040,0
12285,0
222,0
21040,0
14131,0
3985,0
4067,0
6290,0
23990,0
5177,0
21927,0
8312,0
13748,0
7845,0
3844,0
9107,0
5965,0
6503,0
14231,0
22420,0
2044,0
305,0
20338,0
3274,0
2610,0
2073,0
7304,0
16631,0
2994,0
22886,0
15310,0
2877,0
4049,0
24393,0
6804,0
2323,0
7495,0
4408,0
3092,0
23199,0
13287,0
16825,0
20506,0
11392,0
11995,0
18089,0
5335,0
14499,0
1092,0
14802,0
5599,0
12610,0
6933,0
17382,0
971,0
18828,0
14575,0
11371,0
3021,0
2224,0
5070,0
19427,0
2788,0
5765,0
2523,0
16188,0
3656,0
457,0
7184,0
24335,0
2944,0
22967,0
18480,0
10085,0
13897,0
19246,0
9530,0
1784,0
18891,0
8977,0
2058,0
3434,0
6564,0
2782,0
1262,0
18976,0
15626,0
11626,0
22525,0
17814,0
20889,0
23295,0
13334,0
1508,0
13796,0
16208,0
24218,0
21723,0
8725,0
19407,0
15333,0
24006,0
11916,0
9621,0
4000,0
24644,0
18579,0
8188,0
12060,0
4805,0
13694,0
6320,0
3230,0
4509,0
15961,0
7702,0
17089,0
5277,0
8938,0
16404,0
6203,0
2832,0
11606,0
21054,0
9253,0
14310,0
24796,0
22320,0
24980,0
23139,0
15363,0
9472,0
18535,0
7730,0
3435,0
19028,0
18614,0
9855,0
4180,0
2010,0
6328,0
11495,0
22920,0
9771,0
12021,0
4523,0
20771,0
23578,0
5713,0
13021,0
22360,0
1160,0
10629,0
1210,0
990,0
830,0
10887,0
18745,0
2308,0
7976,0
7571,0
24263,0
8622,0
6835,0
20890,0
24343,0
23694,0
7246,0
7846,0
8090,0
10291,0
21026,0
8846,0
9412,0
1971,0
24942,0
17626,0
15633,0
20816,0
7514,0
16532,0
20112,0
8583,0
22141,0
3279,0
16514,0
6885,0
4585,0
20680,0
1999,0
17796,0
1368,0
14556,0
7064,0
7921,0
21219,0
4759,0
17130,0
17142,0
7017,0
4292,0
18981,0
17797,0
3306,0
7753,0
22872,0
22342,0
6292,0
21157,0
21042,0
21976,0
17897,0
8577,0
18769,0
4657,0
22026,0
11338,0
12476,0
23061,0
1207,0
14539,0
15709,0
4995,0
10400,0
16811,0
11315,0
2409,0
18337,0
10284,0
9262,0
24697,0
9674,0
16621,0
2244,0
1227,0
7388,0
20403,0
20239,0
19402,0
17933,0
20179,0
23660,0
11672,0
11160,0
19084,0
13312,0
17685,0
20793,0
390,0
11542,0
21537,0
5833,0
15506,0
19349,0
19715,0
6470,0
9481,0
22833,0
7806,0
19556,0
22508,0
11377,0
16999,0
2399,0
18472,0
4477,0
864,0
22852,0
13141,0
21828,0
6129,0
7624,0
15415,0
9432,0
19868,0
5356,0
10900,0
8860,0
5126,0
8487,0
23994,0
20167,0
21322,0
22901,0
12832,0
1785,0
12614,0
3075,0
21407,0
22180,0
19903,0
19693,0
23974,0
21106,0
13370,0
19486,0
20561,0
15220,0
16650,0
21562,0
9121,0
16244,0
17528,0
12670,0
11481,0
11083,0
3416,0
24654,0
14337,0
450,0
23458,0
14924,0
7993,0
20415,0
15422,0
11383,0
13390,0
17930,0
23073,0
23314,0
21013,0
6649,0
23448,0
23609,0
6189,0
209,0
19793,0
1506,0
2251,0
5502,0
6535,0
10586,0
22388,0
23377,0
10683,0
16864,0
19740,0
1459,0
1016,0
15359,0
10543,0
20521,0
20487,0
3766,0
7953,0
4866,0
8523,0
20107,0
11658,0
19383,0
10606,0
19485,0
22217,0
8760,0
2961,0
7983,0
37,0
24106,0
3614,0
16233,0
3384,0
10445,0
6715,0
20523,0
20623,0
3760,0
10218,0
9509,0
10779,0
5105,0
7706,0
21338,0
13617,0
3588,0
9568,0
15941,0
17448,0
19651,0
19212,0
7139,0
10907,0
3345,0
22453,0
1767,0
10841,0
4193,0
20850,0
19571,0
7670,0
20510,0
20735,0
18182,0
6356,0
9886,0
14389,0
2059,0
7347,0
23760,0
8297,0
4717,0
9803,0
11751,0
22658,0
10480,0
3932,0
10477,0
17134,0
6644,0
3333,0
11431,0
6997,0
21600,0
6280,0
21362,0
18260,0
11843,0
10035,0
10660,0
23454,0
8893,0
12530,0
19906,0
5694,0
10352,0
13049,0
3257,0
8906,0
4990,0
23630,0
5020,0
8332,0
13347,0
9732,0
1628,0
22965,0
4516,0
21170,0
3968,0
3250,0
16130,0
3934,0
9407,0
11510,0
3779,0
784,0
5459,0
21002,0
2346,0
14767,0
24886,0
8865,0
4594,0
9776,0
666,0
17480,0
17471,0
17265,0
10460,0
10214,0
5807,0
18023,0
17875,0
5389,0
10704,0
4510,0
2921,0
7254,0
19904,0
2416,0
19659,0
18590,0
1453,0
18090,0
12589,0
22594,0
20105,0
1681,0
11385,0
20917,0
21767,0
19433,0
18827,0
8200,0
9162,0
9064,0
22115,0
6882,0
9076,0
15826,0
24704,0
24457,0
7356,0
9765,0
12765,0
18311,0
2355,0
2299,0
6755,0
16558,0
5664,0
17967,0
6681,0
18444,0
4742,0
22881,0
16131,0
1963,0
14436,0
13533,0
1466,0
4428,0
24965,0
24801,0
10794,0
22871,0
16850,0
9040,0
2895,0
20255,0
2165,0
16214,0
9710,0
12523,0
7717,0
6366,0
17827,0
6304,0
2976,0
1717,0
19222,0
19462,0
11875,0
2897,0
10167,0
14884,0
10107,0
19491,0
24391,0
13368,0
22773,0
8284,0
411,0
1747,0
21677,0
13424,0
18066,0
16630,0
7169,0
1346,0
21661,0
22639,0
5501,0
16985,0
19926,0
8050,0
15075,0
10298,0
22907,0
9891,0
20750,0
6579,0
13588,0
16561,0
8362,0
12808,0
14855,0
14516,0
8226,0
5485,0
10019,0
4014,0
20952,0
24075,0
9105,0
11940,0
17068,0
18996,0
23294,0
23443,0
5827,0
10677,0
22964,0
20230,0
12152,0
3819,0
14184,0
636,0
23549,0
9289,0
9310,0
2657,0
7569,0
1055,0
14111,0
5400,0
4638,0
7764,0
1341,0
23913,0
6451,0
19366,0
2475,0
17049,0
549,0
2796,0
21977,0
10328,0
8648,0
19422,0
13868,0
18403,0
13236,0
8646,0
17811,0
22434,0
12978,0
2020,0
12915,0
24810,0
15781,0
19614,0
11856,0
21831,0
8320,0
4254,0
17716,0
10331,0
14532,0
5284,0
9515,0
17708,0
86,0
2851,0
22140,0
21285,0
13020,0
20540,0
7803,0
19902,0
10246,0
13249,0
1697,0
13637,0
16293,0
15490,0
5433,0
7442,0
10892,0
15398,0
14714,0
21209,0
10653,0
18152,0
17844,0
10998,0
12332,0
15948,0
2184,0
22057,0
4251,0
11929,0
24857,0
24136,0
11145,0
19753,0
17395,0
19657,0
23839,0
18999,0
8912,0
12252,0
23081,0
9087,0
16345,0
11327,0
12659,0
12054,0
3892,0
23207,0
12710,0
11311,0
11340,0
10517,0
2033,0
9996,0
10464,0
6592,0
10872,0
3054,0
9082,0
23441,0
14387,0
3554,0
12112,0
11730,0
6924,0
9605,0
9726,0
14423,0
9035,0
19251,0
18475,0
974,0
5067,0
7794,0
5968,0
19758,0
22228,0
3104,0
14474,0
5380,0
5439,0
4878,0
8049,0
7899,0
19417,0
17316,0
3123,0
3466,0
14688,0
18918,0
1062,0
10047,0
17758,0
7526,0
21948,0
20919,0
18110,0
15000,0
4306,0
5026,0
24868,0
6814,0
24818,0
13318,0
20620,0
24222,0
22009,0
8537,0
15797,0
14524,0
20071,0
7289,0
1572,0
1981,0
21870,0
16044,0
7075,0
12995,0
23665,0
1321,0
23248,0
10076,0
8959,0
6219,0
23244,0
9985,0
18376,0
22355,0
9683,0
8338,0
19219,0
8158,0
12105,0
3197,0
3499,0
5135,0
20688,0
1159,0
12805,0
23686,0
19082,0
15899,0
6277,0
12513,0
22426,0
3396,0
4301,0
7357,0
22950,0
309,0
23672,0
11058,0
8277,0
22035,0
9585,0
1255,0
22777,0
6748,0
8787,0
5787,0
15861,0
13208,0
6690,0
6526,0
6685,0
8398,0
14480,0
6786,0
7340,0
5464,0
16638,0
2007,0
20625,0
10523,0
18732,0
9753,0
8572,0
15250,0
8471,0
5846,0
21035,0
18003,0
19967,0
3456,0
1749,0
5409,0
9357,0
15943,0
3117,0
15150,0
17586,0
2857,0
17190,0
13892,0
24792,0
10209,0
1404,0
7360,0
7255,0
23054,0
3090,0
18416,0
20390,0
6917,0
13601,0
13643,0
2920,0
14785,0
21226,0
7222,0
15534,0
14593,0
22900,0
6436,0
15950,0
19357,0
7338,0
20448,0
22618,0
24164,0
6806,0
20583,0
9132,0
5963,0
8652,0
20436,0
601,0
16330,0
7760,0
17468,0
16116,0
16332,0
4625,0
8562,0
18295,0
24716,0
2145,0
18554,0
9482,0
5124,0
18481,0
23901,0
6545,0
1075,0
16039,0
19118,0
15613,0
15299,0
24962,0
18459,0
18254,0
4231,0
2743,0
7311,0
1789,0
3303,0
1765,0
788,0
10084,0
24111,0
23395,0
4187,0
8438,0
15926,0
24803,0
5011,0
20616,0
13787,0
9881,0
686,0
16849,0
13879,0
12352,0
2614,0
5976,0
467,0
7173,0
10013,0
14179,0
21325,0
23462,0
24750,0
13175,0
3122,0
15319,0
7406,0
16867,0
4020,0
7865,0
120,0
22013,0
23759,0
12043,0
17941,0
17564,0
11149,0
2728,0
13889,0
102,0
24635,0
22266,0
21159,0
23219,0
8457,0
10037,0
3720,0
23580,0
696,0
22633,0
1692,0
9489,0
3041,0
16521,0
11781,0
2034,0
6310,0
14164,0
18312,0
16495,0
20171,0
24096,0
24745,0
12036,0
18373,0
20988,0
4137,0
15251,0
6433,0
13173,0
7906,0
24714,0
17,0
5148,0
9872,0
23137,0
804,0
9492,0
3044,0
257,0
6198,0
15581,0
6853,0
22285,0
22736,0
14559,0
8601,0
4226,0
6615,0
24767,0
19301,0
16748,0
2268,0
7272,0
16542,0
6068,0
16435,0
6272,0
7099,0
8935,0
227,0
24649,0
24316,0
20166,0
12448,0
3747,0
11108,0
17155,0
15290,0
13054,0
24482,0
15169,0
1831,0
20108,0
23846,0
1189,0
18402,0
15819,0
12301,0
13690,0
15423,0
1217,0
349,0
9409,0
12088,0
19050,0
17165,0
24799,0
15316,0
8949,0
8784,0
8856,0
21080,0
12709,0
7880,0
2615,0
19344,0
22364,0
20357,0
5655,0
23006,0
18081,0
2706,0
4179,0
19498,0
4451,0
940,0
15141,0
924,0
12936,0
5830,0
5350,0
17983,0
15849,0
18604,0
1782,0
14642,0
22513,0
3190,0
1245,0
22162,0
1480,0
19695,0
16410,0
6295,0
13613,0
1814,0
5881,0
11776,0
13200,0
11310,0
2367,0
23706,0
10699,0
16334,0
6726,0
4386,0
24975,0
13046,0
17748,0
20813,0
4264,0
13348,0
19098,0
9526,0
21869,0
24929,0
13279,0
13017,0
2003,0
22075,0
21757,0
9342,0
5775,0
18014,0
23066,0
22622,0
24455,0
13349,0
24734,0
17389,0
14026,0
19815,0
4415,0
21614,0
14567,0
8071,0
14402,0
24394,0
7699,0
11433,0
18370,0
23741,0
21201,0
7797,0
13758,0
23864,0
3698,0
21230,0
23690,0
10166,0
21015,0
18978,0
9355,0
11467,0
10788,0
24670,0
20964,0
353,0
4329,0
23477,0
9248,0
7669,0
20445,0
18075,0
24909,0
4970,0
14677,0
9370,0
21969,0
13202,0
18934,0
10608,0
10238,0
8354,0
3365,0
16760,0
3826,0
19601,0
16562,0
24779,0
2264,0
14237,0
19620,0
18802,0
15346,0
8705,0
24832,0
2811,0
16363,0
14238,0
7013,0
19038,0
13381,0
20286,0
24071,0
5158,0
14703,0
8076,0
7723,0
15978,0
8565,0
12428,0
22807,0
21206,0
13259,0
3581,0
11919,0
3990,0
6591,0
19446,0
20184,0
16296,0
8486,0
4862,0
22837,0
9217,0
18821,0
15291,0
18924,0
19490,0
365,0
20568,0
3359,0
2545,0
16676,0
10824,0
1670,0
5893,0
10997,0
495,0
6815,0
3645,0
12341,0
801,0
5796,0
2360,0
15464,0
18220,0
16892,0
21847,0
23023,0
14629,0
19297,0
669,0
11585,0
8602,0
22670,0
21508,0
3538,0
4828,0
23947,0
18290,0
23822,0
87,0
9033,0
13864,0
16224,0
2088,0
10427,0
14302,0
4664,0
16162,0
20307,0
10240,0
4162,0
6388,0
17346,0
8554,0
22114,0
9083,0
17303,0
13668,0
11881,0
22385,0
23124,0
23533,0
21057,0
13234,0
4881,0
7459,0
5374,0
6950,0
15721,0
9055,0
7329,0
9406,0
6071,0
7394,0
456,0
5930,0
14188,0
4545,0
23734,0
782,0
1408,0
22542,0
8221,0
6930,0
17288,0
5619,0
1017,0
14510,0
23206,0
18947,0
15947,0
17172,0
19821,0
21360,0
11986,0
1451,0
14485,0
14933,0
5039,0
19790,0
9210,0
1430,0
6593,0
15014,0
12236,0
3953,0
10264,0
15713,0
19985,0
23209,0
4425,0
15399,0
13800,0
1711,0
11959,0
213,0
4005,0
14350,0
23482,0
17584,0
10549,0
18064,0
17248,0
14843,0
24669,0
2692,0
24650,0
17910,0
19066,0
17496,0
12354,0
18279,0
6817,0
19947,0
783,0
18928,0
23026,0
10976,0
14061,0
740,0
19148,0
6268,0
10211,0
23972,0
19847,0
12018,0
18888,0
6586,0
22981,0
10007,0
4829,0
1233,0
20402,0
4588,0
9921,0
2663,0
7135,0
14995,0
17177,0
19378,0
15992,0
7836,0
14038,0
11441,0
22489,0
9042,0
24865,0
13614,0
12938,0
24219,0
21060,0
17271,0
1551,0
10970,0
20361,0
16057,0
4519,0
13237,0
17008,0
18819,0
25002,0
21082,0
20321,0
8637,0
22043,0
19534,0
4709,0
11791,0
2970,0
12713,0
23595,0
18190,0
18102,0
6184,0
23281,0
17477,0
8463,0
2135,0
21114,0
2992,0
20885,0
22706,0
11519,0
24752,0
21566,0
10021,0
19530,0
11579,0
20279,0
13692,0
16089,0
4730,0
6441,0
486,0
20410,0
9999,0
13746,0
2627,0
17820,0
19756,0
12458,0
14398,0
246,0
18675,0
17429,0
5202,0
542,0
12093,0
24966,0
16984,0
6637,0
19404,0
13393,0
6694,0
15530,0
3536,0
9972,0
9065,0
71,0
15566,0
15145,0
15072,0
5395,0
23063,0
14891,0
23024,0
5958,0
23561,0
4312,0
6525,0
22774,0
20868,0
5447,0
21460,0
18001,0
4078,0
12902,0
4249,0
10598,0
23865,0
16583,0
21524,0
18879,0
9569,0
24038,0
2531,0
10329,0
24567,0
6263,0
7558,0
13197,0
1555,0
1358,0
9106,0
11766,0
4184,0
5234,0
23178,0
6286,0
18033,0
2009,0
5162,0
8267,0
21279,0
19648,0
23568,0
22376,0
22669,0
17191,0
9847,0
11661,0
18641,0
14242,0
10893,0
2497,0
24265,0
23032,0
6906,0
1039,0
21143,0
13884,0
16776,0
24115,0
24488,0
6547,0
9187,0
20968,0
16415,0
5293,0
15740,0
13267,0
16829,0
19810,0
13388,0
22024,0
9222,0
24618,0
5224,0
18385,0
13901,0
19370,0
6106,0
24018,0
12982,0
15624,0
1474,0
6190,0
22663,0
24950,0
16430,0
6412,0
11019,0
24261,0
23766,0
12660,0
15743,0
2170,0
8615,0
13356,0
13166,0
20435,0
4086,0
4506,0
15392,0
2026,0
2656,0
7952,0
19805,0
19755,0
18458,0
13304,0
5337,0
22864,0
22486,0
99,0
20775,0
9954,0
6224,0
19316,0
16890,0
555,0
8916,0
8761,0
9047,0
21809,0
17241,0
15501,0
2444,0
4052,0
4114,0
7148,0
1597,0
12922,0
24411,0
14289,0
5484,0
6314,0
13351,0
1202,0
1401,0
1049,0
13346,0
17767,0
6731,0
548,0
7457,0
9465,0
17400,0
7452,0
11016,0
21145,0
1405,0
13260,0
6359,0
10135,0
12703,0
10634,0
16380,0
24410,0
12838,0
13963,0
1866,0
22651,0
6577,0
6374,0
23179,0
5334,0
24700,0
21263,0
24239,0
3407,0
11968,0
22211,0
15571,0
23459,0
15495,0
347,0
14219,0
11561,0
17123,0
168,0
8806,0
12717,0
24047,0
4964,0
10692,0
19411,0
22750,0
1554,0
2930,0
20093,0
14986,0
13327,0
15360,0
13853,0
14411,0
15639,0
23614,0
4570,0
18624,0
16789,0
20896,0
15235,0
21022,0
1815,0
10384,0
18709,0
12350,0
11997,0
13685,0
17637,0
20236,0
16523,0
20858,0
9678,0
8072,0
2414,0
8842,0
1458,0
623,0
14332,0
4259,0
394,0
9313,0
19630,0
12821,0
12250,0
12798,0
24543,0
22467,0
3758,0
19479,0
19795,0
9245,0
21802,0
18177,0
668,0
4803,0
4660,0
20245,0
15681,0
18266,0
16421,0
9374,0
8079,0
11225,0
15934,0
14366,0
18346,0
7815,0
8828,0
6765,0
124,0
1673,0
23381,0
4309,0
8604,0
50,0
8005,0
11374,0
559,0
8988,0
6371,0
318,0
692,0
11808,0
24772,0
13836,0
20131,0
6300,0
14052,0
19555,0
12002,0
23745,0
25040,0
4023,0
2463,0
3652,0
18711,0
12326,0
17038,0
5492,0
10651,0
19572,0
22906,0
4178,0
23283,0
19964,0
22351,0
8559,0
6247,0
14994,0
17750,0
5047,0
19172,0
15124,0
16408,0
2540,0
6484,0
16413,0
21019,0
23599,0
16858,0
961,0
19457,0
21514,0
15454,0
10351,0
20362,0
3307,0
5013,0
4563,0
23299,0
824,0
7358,0
16635,0
14057,0
18045,0
13487,0
7651,0
10119,0
12882,0
20335,0
10989,0
10881,0
10537,0
2659,0
13041,0
10730,0
24489,0
11213,0
8875,0
18017,0
3192,0
7046,0
14030,0
2979,0
4169,0
13139,0
23927,0
22654,0
2210,0
15050,0
462,0
15642,0
5817,0
16302,0
18087,0
7209,0
8505,0
24570,0
8262,0
5297,0
9592,0
13482,0
21627,0
24591,0
15449,0
24990,0
10924,0
3497,0
10562,0
22202,0
1265,0
32,0
1268,0
4048,0
15089,0
20449,0
19313,0
21130,0
10008,0
22499,0
3611,0
5250,0
24667,0
3249,0
11866,0
11853,0
18250,0
119,0
1730,0
5330,0
7639,0
9704,0
9352,0
5710,0
17669,0
19368,0
20459,0
2544,0
22879,0
63,0
2542,0
22738,0
15426,0
15794,0
23184,0
14724,0
23954,0
20109,0
10069,0
9626,0
22424,0
10992,0
16938,0
20773,0
21127,0
3354,0
12234,0
24497,0
11088,0
21910,0
19567,0
12457,0
22674,0
17662,0
14071,0
6101,0
16777,0
23120,0
10772,0
18233,0
16092,0
24516,0
22646,0
17530,0
14897,0
14274,0
17727,0
24356,0
6095,0
17507,0
2433,0
458,0
22246,0
9829,0
19798,0
20212,0
12635,0
9558,0
8749,0
8666,0
22438,0
19328,0
1802,0
11712,0
1221,0
6834,0
17451,0
14240,0
10659,0
13534,0
7171,0
3639,0
16691,0
8913,0
4228,0
19625,0
499,0
320,0
6019,0
1329,0
7916,0
15234,0
7221,0
981,0
15939,0
18438,0
21016,0
9715,0
9873,0
6855,0
2753,0
8042,0
22493,0
571,0
23153,0
1432,0
24200,0
3658,0
21475,0
16511,0
16994,0
9429,0
21549,0
8064,0
14022,0
4352,0
12632,0
16612,0
1005,0
18154,0
7969,0
19159,0
1499,0
3203,0
441,0
5997,0
12898,0
8990,0
21379,0
24373,0
3096,0
2038,0
24400,0
7755,0
2756,0
2724,0
12657,0
7078,0
182,0
4957,0
15996,0
8189,0
20520,0
1921,0
23318,0
22643,0
3792,0
17489,0
2622,0
9571,0
4822,0
18215,0
366,0
729,0
1640,0
13530,0
2241,0
17701,0
4405,0
10531,0
12836,0
14260,0
16739,0
22214,0
8041,0
2148,0
2086,0
12388,0
20214,0
13648,0
13277,0
22724,0
15590,0
2864,0
13186,0
20626,0
609,0
6973,0
6678,0
20405,0
19273,0
19430,0
7847,0
11566,0
1991,0
9299,0
5566,0
2660,0
5434,0
20784,0
11292,0
960,0
5481,0
6064,0
7368,0
13491,0
15853,0
22840,0
16544,0
15111,0
13238,0
12200,0
17755,0
18206,0
9433,0
9646,0
16744,0
6332,0
3796,0
14894,0
21681,0
10014,0
24266,0
21232,0
14699,0
14075,0
3137,0
9454,0
18334,0
6951,0
11610,0
12052,0
24441,0
15186,0
15450,0
18430,0
7574,0
13782,0
8204,0
10569,0
8124,0
12542,0
12478,0
19128,0
9345,0
1686,0
15009,0
20524,0
19993,0
23703,0
2019,0
19180,0
20257,0
9537,0
6039,0
192,0
4500,0
23682,0
3334,0
792,0
14361,0
8675,0
19413,0
3067,0
11824,0
22204,0
8498,0
19890,0
24991,0
19188,0
17331,0
657,0
8058,0
10600,0
20408,0
17878,0
18,0
6186,0
17520,0
13916,0
17527,0
16699,0
3595,0
15478,0
12661,0
22468,0
23585,0
1203,0
3200,0
23953,0
5888,0
12975,0
6706,0
16147,0
10725,0
16761,0
19780,0
10656,0
13461,0
4720,0
21256,0
13458,0
1522,0
12861,0
24294,0
9697,0
4799,0
2481,0
20254,0
7754,0
10800,0
23806,0
13967,0
13669,0
2429,0
6042,0
2461,0
14318,0
5553,0
6331,0
10205,0
7709,0
18908,0
5608,0
1594,0
17993,0
22923,0
9675,0
10755,0
24660,0
18536,0
5245,0
13995,0
15190,0
8620,0
21110,0
21139,0
17465,0
8698,0
18523,0
23613,0
2206,0
20849,0
2651,0
24092,0
15994,0
3191,0
22069,0
20744,0
10546,0
18997,0
13078,0
11994,0
25046,0
17336,0
1097,0
24619,0
7465,0
24127,0
8177,0
7632,0
1353,0
12361,0
8667,0
5666,0
683,0
3484,0
7667,0
14595,0
7298,0
17293,0
16022,0
18576,0
20465,0
21793,0
10768,0
11270,0
7752,0
3551,0
935,0
7189,0
14854,0
8484,0
8472,0
1269,0
7387,0
24169,0
14287,0
2205,0
2493,0
16117,0
10079,0
1565,0
10158,0
17340,0
16632,0
21354,0
9670,0
13545,0
11425,0
22521,0
6362,0
10974,0
13068,0
22551,0
15592,0
7153,0
9623,0
7943,0
13952,0
24529,0
4655,0
15018,0
24559,0
22569,0
11723,0
9782,0
23050,0
22531,0
10566,0
7825,0
16106,0
563,0
22586,0
424,0
12692,0
22222,0
19285,0
1542,0
3421,0
11199,0
20482,0
19271,0
18137,0
14245,0
20173,0
20536,0
18230,0
21827,0
17929,0
10633,0
7434,0
17375,0
13089,0
21584,0
17408,0
9449,0
703,0
662,0
497,0
3937,0
19436,0
9158,0
20300,0
20687,0
9966,0
16009,0
14804,0
17166,0
14243,0
23043,0
1204,0
18236,0
4498,0
24517,0
7862,0
19472,0
23764,0
19119,0
20677,0
13168,0
5703,0
19979,0
11970,0
1638,0
14235,0
20840,0
8903,0
3923,0
14074,0
9389,0
12559,0
7344,0
8137,0
17644,0
12653,0
676,0
2993,0
307,0
23733,0
178,0
8274,0
11239,0
7427,0
22145,0
17112,0
17742,0
1600,0
2053,0
24720,0
24030,0
14738,0
19345,0
20808,0
9597,0
23030,0
1669,0
1201,0
17203,0
24668,0
21294,0
16806,0
13156,0
21934,0
4061,0
21852,0
19650,0
5181,0
2928,0
9962,0
15238,0
2558,0
1179,0
22587,0
24425,0
21636,0
23750,0
16629,0
21275,0
8139,0
13268,0
17061,0
9968,0
10643,0
23872,0
12272,0
9819,0
264,0
21066,0
23605,0
10746,0
20943,0
14513,0
4887,0
15044,0
14957,0
17729,0
13831,0
13777,0
7884,0
23118,0
21555,0
1258,0
597,0
843,0
8116,0
81,0
18700,0
16779,0
7733,0
2377,0
8352,0
11342,0
14565,0
6563,0
4567,0
20613,0
14139,0
24133,0
24163,0
14834,0
15968,0
4652,0
20934,0
16381,0
14374,0
18450,0
24228,0
16392,0
8007,0
14079,0
20253,0
20102,0
6357,0
10148,0
326,0
5711,0
6915,0
794,0
19751,0
17078,0
5146,0
9155,0
16316,0
21591,0
22019,0
13360,0
7119,0
24535,0
5826,0
17220,0
66,0
3057,0
12389,0
5792,0
22703,0
11785,0
23100,0
24893,0
6347,0
5583,0
13066,0
23396,0
580,0
23836,0
9315,0
4245,0
3973,0
6214,0
13050,0
13225,0
4070,0
10833,0
9879,0
9159,0
18939,0
14119,0
24981,0
24533,0
21500,0
23372,0
15460,0
13612,0
5060,0
3540,0
12377,0
16375,0
14712,0
10335,0
4215,0
8745,0
8956,0
21754,0
15767,0
16898,0
10106,0
10628,0
15564,0
10448,0
9971,0
11272,0
23227,0
23655,0
22087,0
4471,0
21152,0
14506,0
12221,0
10172,0
15440,0
13661,0
12192,0
10289,0
16230,0
11259,0
7657,0
664,0
25067,0
24525,0
3436,0
7305,0
16817,0
650,0
8478,0
21251,0
887,0
21094,0
3784,0
2221,0
14165,0
5541,0
5211,0
4751,0
23431,0
1929,0
20299,0
24639,0
22637,0
16536,0
22971,0
8540,0
3725,0
1079,0
1302,0
24919,0
13406,0
5549,0
21632,0
6098,0
16178,0
6903,0
8563,0
4525,0
14618,0
16261,0
4001,0
12025,0
14295,0
22876,0
23924,0
9371,0
4641,0
8719,0
21874,0
14239,0
2254,0
13230,0
2777,0
16572,0
18042,0
24330,0
8759,0
20327,0
9766,0
25061,0
17734,0
9576,0
13609,0
16625,0
21424,0
11034,0
6689,0
1951,0
10317,0
24288,0
2603,0
13138,0
7500,0
16272,0
4823,0
16897,0
3791,0
17384,0
16018,0
7295,0
19667,0
23633,0
21921,0
12410,0
3297,0
11245,0
6090,0
5880,0
6172,0
870,0
20817,0
15652,0
15668,0
1545,0
18240,0
11570,0
18806,0
24844,0
5449,0
1365,0
2322,0
16907,0
16050,0
21198,0
9748,0
12337,0
7300,0
14678,0
2939,0
10721,0
17823,0
5183,0
7471,0
17463,0
15417,0
4119,0
7122,0
14908,0
23635,0
4825,0
19071,0
24082,0
4814,0
1425,0
17494,0
18876,0
23093,0
9553,0
2680,0
25036,0
3009,0
23976,0
16067,0
7640,0
1855,0
6909,0
15230,0
115,0
988,0
9474,0
1665,0
14200,0
1908,0
14258,0
21271,0
7380,0
12298,0
11161,0
2982,0
3903,0
6046,0
6486,0
22210,0
862,0
17372,0
10341,0
791,0
10940,0
3832,0
488,0
3301,0
22018,0
20273,0
6505,0
21962,0
22534,0
19877,0
14407,0
12837,0
3258,0
10639,0
4307,0
9444,0
13851,0
15373,0
18016,0
15640,0
5974,0
1610,0
16215,0
17618,0
5887,0
22201,0
15288,0
2063,0
20852,0
6790,0
17185,0
8858,0
4269,0
14545,0
4484,0
21654,0
13256,0
3443,0
490,0
20400,0
22363,0
11963,0
8901,0
3418,0
23190,0
13634,0
1764,0
7275,0
1370,0
20601,0
23352,0
8826,0
18363,0
11262,0
1954,0
21787,0
7719,0
8676,0
14814,0
22448,0
8580,0
20957,0
24247,0
11675,0
6151,0
6341,0
4340,0
9545,0
14549,0
11764,0
15097,0
19229,0
21253,0
17495,0
14893,0
16805,0
5406,0
1288,0
11572,0
6775,0
4302,0
11303,0
260,0
9154,0
3248,0
7438,0
1382,0
10571,0
4673,0
128,0
24584,0
6482,0
15341,0
23646,0
7205,0
655,0
10501,0
23213,0
21092,0
17725,0
14452,0
4877,0
20636,0
18744,0
21589,0
5945,0
11820,0
14368,0
15732,0
5094,0
5762,0
1476,0
5007,0
24256,0
23166,0
22952,0
18513,0
4050,0
18382,0
17387,0
9285,0
24097,0
23723,0
3477,0
7839,0
15677,0
19688,0
23909,0
18781,0
14375,0
11512,0
9236,0
6893,0
3745,0
11110,0
8383,0
20602,0
17439,0
2427,0
7343,0
14327,0
772,0
14126,0
17114,0
12162,0
21630,0
11424,0
13240,0
24993,0
19310,0
19986,0
10191,0
9161,0
2781,0
24853,0
8492,0
21517,0
8741,0
2707,0
1959,0
18448,0
6737,0
13657,0
22336,0
6245,0
18674,0
21427,0
22482,0
11546,0
14301,0
20983,0
8679,0
18010,0
13815,0
19371,0
8176,0
23935,0
7354,0
14148,0
724,0
8405,0
9274,0
20969,0
15224,0
14251,0
1102,0
2115,0
6923,0
17911,0
383,0
23678,0
18866,0
975,0
712,0
10988,0
8418,0
4954,0
4631,0
5832,0
14378,0
14659,0
21481,0
23159,0
2917,0
2218,0
14723,0
2016,0
24031,0
10141,0
534,0
206,0
3235,0
2672,0
19244,0
6137,0
11701,0
14390,0
954,0
11204,0
10980,0
1909,0
11801,0
17705,0
11647,0
9099,0
14484,0
23112,0
742,0
7515,0
16826,0
4549,0
22740,0
9013,0
6049,0
17133,0
15138,0
24026,0
24901,0
21142,0
18411,0
4015,0
15990,0
23983,0
21597,0
10292,0
23150,0
8502,0
15647,0
14,0
449,0
1709,0
19592,0
7267,0
21280,0
8631,0
20638,0
15944,0
13965,0
111,0
573,0
117,0
12848,0
9946,0
19874,0
14836,0
14791,0
9280,0
10831,0
10041,0
19425,0
2581,0
6782,0
728,0
11399,0
14174,0
537,0
7023,0
4368,0
11520,0
18696,0
19881,0
16453,0
2468,0
13794,0
8587,0
12499,0
18942,0
15053,0
20797,0
24994,0
2755,0
2204,0
3969,0
24582,0
18979,0
1317,0
24313,0
2474,0
2125,0
23347,0
19393,0
14047,0
11789,0
18278,0
6902,0
11044,0
5418,0
5854,0
10661,0
1409,0
19115,0
22159,0
16425,0
8841,0
23904,0
22319,0
12577,0
4148,0
13169,0
20766,0
9572,0
16284,0
17587,0
12434,0
14662,0
9325,0
9995,0
2161,0
2739,0
6607,0
19898,0
18872,0
4131,0
20661,0
24090,0
18970,0
23763,0
11991,0
10818,0
21744,0
8814,0
23296,0
18815,0
7842,0
12823,0
21836,0
2181,0
24845,0
20235,0
14883,0
24530,0
4926,0
24804,0
22530,0
21531,0
23151,0
2282,0
11624,0
18133,0
16992,0
9440,0
17004,0
4582,0
15854,0
17129,0
24547,0
6936,0
3278,0
11717,0
746,0
15608,0
21868,0
23241,0
6812,0
13933,0
15482,0
12631,0
13840,0
6121,0
10387,0
24606,0
8253,0
1806,0
9314,0
4031,0
4357,0
16541,0
11953,0
7784,0
23596,0
23545,0
5048,0
18575,0
18160,0
14974,0
9458,0
21281,0
11230,0
12853,0
24873,0
2883,0
6083,0
13580,0
3472,0
10062,0
16488,0
18115,0
12012,0
11870,0
5982,0
12019,0
6447,0
11531,0
20054,0
3194,0
8519,0
16173,0
918,0
3168,0
4610,0
18795,0
22289,0
23698,0
21541,0
11674,0
3890,0
8219,0
1676,0
7089,0
1438,0
8399,0
22341,0
22446,0
17977,0
24442,0
16688,0
17300,0
9284,0
12470,0
22771,0
13706,0
2435,0
9173,0
20447,0
21512,0
1578,0
15971,0
9463,0
3706,0
4744,0
19480,0
5473,0
22780,0
21289,0
16412,0
22553,0
4757,0
4448,0
22137,0
2510,0
3174,0
19489,0
12186,0
13513,0
10450,0
7971,0
12302,0
18550,0
8991,0
2121,0
20915,0
4315,0
7937,0
18027,0
20140,0
4551,0
9924,0
14123,0
2760,0
18272,0
21840,0
2300,0
22732,0
17050,0
7407,0
9743,0
12515,0
4364,0
17242,0
6201,0
5031,0
8105,0
18632,0
12544,0
7928,0
6325,0
22365,0
1390,0
22356,0
24662,0
24634,0
9625,0
256,0
3777,0
24486,0
17243,0
3495,0
18203,0
12790,0
22106,0
11927,0
11063,0
16648,0
24280,0
23702,0
12789,0
19727,0
1534,0
3393,0
20908,0
18728,0
16416,0
16243,0
24917,0
11071,0
5342,0
7633,0
18302,0
23242,0
1154,0
12344,0
24858,0
3816,0
10332,0
373,0
10686,0
20715,0
11641,0
7161,0
15451,0
17304,0
15491,0
13781,0
10977,0
16764,0
2862,0
19243,0
20248,0
12156,0
16079,0
3956,0
5705,0
15775,0
7947,0
14157,0
16218,0
22247,0
1985,0
21318,0
5748,0
12401,0
17909,0
4923,0
2806,0
21341,0
12407,0
20061,0
9945,0
8212,0
6480,0
10269,0
23936,0
3931,0
237,0
14620,0
5246,0
9831,0
2309,0
23961,0
24812,0
9532,0
11472,0
19022,0
15727,0
1687,0
9865,0
8840,0
12028,0
3815,0
16317,0
5940,0
5835,0
7310,0
21859,0
13456,0
12862,0
4539,0
23558,0
24622,0
6207,0
6655,0
3667,0
24353,0
22520,0
2117,0
12014,0
8446,0
17632,0
16535,0
15656,0
12175,0
3093,0
3622,0
16955,0
19008,0
3144,0
1698,0
15696,0
1138,0
1592,0
14193,0
18175,0
19116,0
9747,0
17404,0
10364,0
23631,0
1833,0
15463,0
18782,0
14713,0
17321,0
18325,0
8096,0
13516,0
16478,0
21551,0
23408,0
5559,0
8813,0
9143,0
18950,0
7146,0
812,0
17610,0
18854,0
1127,0
551,0
6153,0
18282,0
13246,0
22165,0
9814,0
23096,0
1081,0
3558,0
6338,0
15612,0
2140,0
2449,0
23579,0
20920,0
16740,0
4394,0
13680,0
21099,0
39,0
9770,0
14537,0
4461,0
16610,0
3311,0
400,0
2256,0
19825,0
22912,0
161,0
8578,0
22481,0
24392,0
22271,0
5776,0
10751,0
23083,0
19343,0
13523,0
19127,0
5810,0
24483,0
18528,0
2112,0
1080,0
654,0
3672,0
20538,0
22645,0
24465,0
6419,0
13704,0
6015,0
980,0
9508,0
17091,0
1434,0
16386,0
17598,0
6006,0
20246,0
20198,0
5573,0
11227,0
16043,0
17397,0
8474,0
14623,0
11317,0
15875,0
15211,0
1178,0
15982,0
5539,0
15424,0
2068,0
11041,0
16863,0
1810,0
24774,0
12455,0
12017,0
23890,0
9642,0
12159,0
10982,0
22734,0
18139,0
17437,0
20732,0
24585,0
9551,0
17239,0
7523,0
853,0
23626,0
13306,0
516,0
4212,0
14695,0
15965,0
10000,0
4198,0
2856,0
5088,0
14216,0
412,0
14360,0
11214,0
2328,0
13320,0
12867,0
3045,0
7480,0
4511,0
809,0
2713,0
10632,0
4110,0
22875,0
18922,0
11279,0
112,0
24360,0
17514,0
18217,0
2247,0
11157,0
22653,0
1182,0
9074,0
6972,0
9590,0
19252,0
15585,0
4378,0
22517,0
8848,0
11158,0
2548,0
1659,0
11784,0
5379,0
16249,0
18464,0
14624,0
6211,0
6241,0
2432,0
14458,0
19590,0
22826,0
18616,0
16840,0
12358,0
8257,0
12563,0
11622,0
2055,0
10942,0
12957,0
1352,0
24970,0
3212,0
24609,0
12181,0
5670,0
3129,0
393,0
4326,0
15088,0
3787,0
4043,0
9549,0
11869,0
14656,0
17511,0
8750,0
22853,0
21682,0
23172,0
10009,0
8311,0
19062,0
23534,0
24589,0
4948,0
16974,0
18619,0
24823,0
14759,0
913,0
19397,0
1232,0
19700,0
16124,0
748,0
8726,0
7086,0
21818,0
12707,0
23516,0
2957,0
21794,0
17535,0
5341,0
3566,0
23173,0
18552,0
9226,0
17968,0
3175,0
19922,0
24173,0
18666,0
22688,0
5323,0
16928,0
21109,0
24352,0
17744,0
9540,0
6188,0
12796,0
10777,0
7688,0
6612,0
7893,0
9668,0
19983,0
12318,0
16010,0
24809,0
23389,0
17990,0
21499,0
22270,0
15665,0
18834,0
4965,0
9884,0
16672,0
7551,0
5575,0
8927,0
7637,0
8518,0
21561,0
2376,0
20953,0
9963,0
13581,0
14676,0
14552,0
11322,0
11146,0
6192,0
13652,0
12317,0
22074,0
1026,0
4708,0
14472,0
12286,0
10516,0
11767,0
3728,0
20742,0
8181,0
24399,0
279,0
12521,0
4749,0
3509,0
16157,0
7524,0
9041,0
16848,0
1939,0
20832,0
16724,0
17263,0
10294,0
2388,0
20345,0
17154,0
24468,0
7280,0
14585,0
8369,0
53,0
14080,0
14684,0
11244,0
12467,0
18393,0
8077,0
12532,0
15511,0
14275,0
23801,0
13508,0
8541,0
16623,0
281,0
23382,0
4649,0
20954,0
14591,0
1047,0
23676,0
12271,0
18044,0
6892,0
17156,0
409,0
6017,0
16406,0
21457,0
6632,0
13835,0
19074,0
10648,0
6402,0
20966,0
19041,0
24389,0
8493,0
4227,0
23576,0
3211,0
21944,0
10241,0
18161,0
13324,0
23316,0
9484,0
22708,0
6959,0
13119,0
9952,0
5545,0
2335,0
17175,0
17628,0
16589,0
13702,0
9552,0
11497,0
2561,0
16238,0
12970,0
3455,0
2585,0
9795,0
21001,0
8056,0
23600,0
12901,0
12047,0
14085,0
21611,0
12743,0
22979,0
5602,0
5951,0
7271,0
2607,0
6994,0
11517,0
21496,0
17374,0
16049,0
16735,0
14453,0
16756,0
2848,0
5510,0
15249,0
15162,0
22526,0
23608,0
8838,0
14951,0
7811,0
19770,0
20478,0
1172,0
7770,0
15391,0
21527,0
20117,0
23249,0
25080,0
22570,0
15892,0
19866,0
15609,0
12539,0
16094,0
2310,0
10253,0
15620,0
4979,0
15403,0
23519,0
21639,0
10347,0
2128,0
6566,0
20883,0
16463,0
18164,0
6511,0
11965,0
11101,0
11621,0
16654,0
9960,0
11966,0
23917,0
7444,0
7377,0
16644,0
15175,0
24766,0
16685,0
17651,0
16578,0
3522,0
7426,0
22825,0
24105,0
17279,0
17756,0
12676,0
11509,0
8576,0
22187,0
20737,0
5498,0
5188,0
20782,0
22189,0
18355,0
5107,0
15616,0
17037,0
5568,0
24355,0
19884,0
2258,0
22353,0
7286,0
4444,0
14821,0
19839,0
12869,0
11711,0
20811,0
13584,0
5641,0
18869,0
14905,0
4243,0
9513,0
19455,0
0,0
3975,0
11103,0
12482,0
24550,0
20982,0
4123,0
24871,0
5483,0
23753,0
23863,0
3635,0
22286,0
9724,0
22416,0
7982,0
2064,0
13972,0
6867,0
9851,0
15279,0
20779,0
4564,0
24807,0
14136,0
13793,0
22122,0
21348,0
23247,0
790,0
5534,0
1270,0
16767,0
20878,0
14276,0
22578,0
13196,0
22548,0
18097,0
15553,0
9709,0
4819,0
8246,0
13646,0
1115,0
21770,0
17808,0
23950,0
16715,0
22858,0
6634,0
8039,0
4038,0
21663,0
1637,0
20398,0
18216,0
6836,0
9459,0
17398,0
15768,0
6829,0
17230,0
22650,0
7158,0
10965,0
5562,0
1727,0
13684,0
17973,0
22791,0
10216,0
24129,0
9527,0
21029,0
599,0
20001,0
16841,0
433,0
20730,0
22844,0
4013,0
17425,0
13357,0
15070,0
7798,0
18911,0
4350,0
10020,0
2144,0
19032,0
7980,0
1589,0
4856,0
2522,0
18210,0
9493,0
20355,0
11409,0
19577,0
20121,0
844,0
10859,0
21448,0
19339,0
20733,0
1416,0
15664,0
10945,0
22325,0
6527,0
22442,0
18830,0
352,0
18985,0
7802,0
10288,0
1363,0
18991,0
10786,0
4230,0
24154,0
20334,0
19937,0
4088,0
11428,0
11686,0
6522,0
14410,0
7081,0
20635,0
3234,0
4398,0
12886,0
7546,0
21601,0
12086,0
9233,0
14469,0
1726,0
23012,0
9255,0
7320,0
3955,0
17868,0
942,0
19861,0
13861,0
11911,0
14444,0
2913,0
8322,0
512,0
15780,0
15,0
24466,0
1380,0
16894,0
13521,0
5737,0
13402,0
5617,0
19179,0
18962,0
18687,0
16201,0
17740,0
8700,0
13554,0
17965,0
17582,0
15051,0
14384,0
20604,0
12894,0
4003,0
7970,0
3577,0
13124,0
5010,0
10975,0
24279,0
1470,0
1744,0
2012,0
5491,0
17202,0
6246,0
15361,0
5636,0
20743,0
15577,0
15808,0
14673,0
20904,0
14268,0
19864,0
12706,0
4421,0
7486,0
15554,0
16055,0
13636,0
4697,0
3834,0
427,0
5631,0
2091,0
10234,0
2349,0
20764,0
18916,0
3182,0
12419,0
13022,0
15304,0
17997,0
21347,0
6156,0
11906,0
18583,0
13036,0
11386,0
10389,0
6966,0
11617,0
10759,0
16259,0
16167,0
7436,0
18796,0
6691,0
19443,0
8664,0
21218,0
20696,0
18693,0
21136,0
19059,0
6099,0
5282,0
15539,0
2079,0
2321,0
3563,0
5101,0
24212,0
25071,0
22480,0
23805,0
14406,0
18932,0
19968,0
17257,0
2649,0
19837,0
17392,0
10925,0
6364,0
9020,0
10917,0
18958,0
22664,0
3351,0
10673,0
3872,0
14779,0
13711,0
4661,0
7302,0
18784,0
21749,0
7650,0
20271,0
20058,0
17144,0
22490,0
1615,0
24005,0
7589,0
15221,0
18170,0
16598,0
17560,0
17896,0
12769,0
20278,0
12168,0
21506,0
2305,0
24540,0
24914,0
12158,0
5128,0
9698,0
16726,0
20221,0
12578,0
3633,0
13416,0
5287,0
12102,0
4033,0
22235,0
18348,0
13006,0
20418,0
10345,0
14668,0
21848,0
10848,0
19214,0
10001,0
19465,0
21585,0
7128,0
8317,0
20392,0
24879,0
839,0
18901,0
2285,0
5085,0
719,0
5465,0
4869,0
9292,0
8466,0
21410,0
21651,0
16733,0
3510,0
9581,0
7658,0
4397,0
9372,0
24791,0
7509,0
21739,0
10666,0
13350,0
22317,0
6772,0
4008,0
5218,0
20347,0
18941,0
5872,0
7819,0
22883,0
16433,0
1463,0
12011,0
1850,0
3914,0
1494,0
8514,0
25020,0
22023,0
21795,0
20586,0
14754,0
22687,0
82,0
18871,0
12274,0
22244,0
11788,0
3584,0
4463,0
14124,0
1648,0
15556,0
20675,0
17504,0
18542,0
8070,0
17286,0
10273,0
22079,0
24472,0
18826,0
9768,0
8002,0
10603,0
6170,0
19785,0
5386,0
3225,0
7783,0
14430,0
16308,0
3374,0
9518,0
9125,0
3380,0
16616,0
3553,0
6395,0
1793,0
4900,0
21558,0
18547,0
17942,0
7503,0
13382,0
23925,0
2698,0
24416,0
9243,0
6609,0
21918,0
7844,0
11081,0
24509,0
14320,0
22811,0
22566,0
9419,0
15929,0
24673,0
13551,0
5978,0
5408,0
11511,0
13099,0
20395,0
4576,0
15649,0
9902,0
5769,0
17099,0
3006,0
22556,0
523,0
21162,0
24297,0
14602,0
8292,0
8930,0
12119,0
10796,0
17483,0
24583,0
9793,0
24321,0
2200,0
20169,0
8011,0
4568,0
9796,0
13221,0
11232,0
9346,0
17519,0
13152,0
14342,0
12720,0
24282,0
10404,0
3256,0
5243,0
13620,0
13150,0
12268,0
2228,0
1249,0
19005,0
17490,0
7789,0
23731,0
3918,0
19923,0
14899,0
15754,0
3255,0
15906,0
4902,0
8960,0
18229,0
3951,0
16348,0
19458,0
10066,0
16543,0
7506,0
8436,0
21518,0
4308,0
18977,0
1002,0
18546,0
3847,0
2722,0
12138,0
8754,0
8197,0
25015,0
19706,0
11188,0
5719,0
18638,0
19664,0
6538,0
15928,0
18953,0
5738,0
24515,0
18881,0
5806,0
2319,0
1147,0
4496,0
2638,0
18185,0
6023,0
9249,0
11983,0
21018,0
21310,0
22164,0
24209,0
23152,0
21659,0
23461,0
12309,0
21024,0
21380,0
656,0
14938,0
9151,0
4851,0
22686,0
7293,0
18436,0
1786,0
22306,0
15152,0
20978,0
1183,0
14365,0
6382,0
20634,0
3858,0
20535,0
7355,0
20900,0
17913,0
9892,0
18239,0
2151,0
1883,0
4550,0
20646,0
17887,0
21845,0
2834,0
16934,0
201,0
10910,0
6284,0
24797,0
16540,0
3433,0
17076,0
1598,0
13005,0
13455,0
14825,0
2508,0
16914,0
19936,0
14092,0
9979,0
7956,0
8653,0
23645,0
8950,0
7608,0
17888,0
13193,0
16790,0
15067,0
23192,0
7994,0
8957,0
2164,0
21183,0
10913,0
24398,0
5417,0
12404,0
2066,0
25073,0
23650,0
2500,0
9142,0
158,0
13871,0
14334,0
21382,0
9312,0
23470,0
23107,0
11320,0
24883,0
15752,0
2056,0
19712,0
23419,0
977,0
4467,0
19969,0
8775,0
4059,0
24717,0
6651,0
17213,0
8331,0
16693,0
8476,0
23726,0
21902,0
17232,0
14028,0
17711,0
13179,0
3936,0
24040,0
11082,0
8829,0
3752,0
7779,0
10163,0
234,0
12583,0
12042,0
7991,0
14225,0
14285,0
19474,0
12439,0
14009,0
2076,0
8101,0
18754,0
7167,0
11036,0
19078,0
4115,0
3474,0
16054,0
2732,0
23250,0
9350,0
1422,0
700,0
476,0
18405,0
13541,0
15277,0
10293,0
18670,0
18339,0
5428,0
4260,0
16301,0
20955,0
22310,0
10687,0
22400,0
10406,0
15670,0
8573,0
4794,0
13403,0
16971,0
19292,0
11295,0
9544,0
23269,0
70,0
24894,0
9610,0
13654,0
21290,0
17362,0
23952,0
18799,0
19782,0
12403,0
5423,0
6096,0
11980,0
24249,0
5684,0
3801,0
21319,0
13284,0
334,0
20160,0
9379,0
21778,0
1399,0
18982,0
7919,0
3966,0
12802,0
7810,0
15962,0
12471,0
1757,0
15493,0
24177,0
9665,0
5576,0
18792,0
7851,0
4723,0
20274,0
11358,0
12424,0
1193,0
19014,0
4159,0
20512,0
8574,0
16953,0
19597,0
24281,0
16784,0
16275,0
21447,0
11080,0
2142,0
24478,0
19977,0
18902,0
19482,0
22083,0
16758,0
14989,0
23828,0
1656,0
19929,0
16398,0
3368,0
18634,0
19730,0
13067,0
826,0
7603,0
16856,0
7383,0
18503,0
22914,0
3699,0
1173,0
11420,0
11282,0
20007,0
493,0
6183,0
14939,0
12393,0
3151,0
8456,0
23031,0
16135,0
15858,0
14424,0
11132,0
15331,0
8099,0
18483,0
2050,0
2538,0
5521,0
18054,0
15060,0
2916,0
18494,0
17699,0
7097,0
20092,0
22065,0
19935,0
2744,0
16645,0
7290,0
18262,0
19916,0
89,0
2613,0
17946,0
8594,0
18646,0
4611,0
23122,0
20340,0
5601,0
2705,0
8228,0
12588,0
8078,0
21454,0
9373,0
2579,0
19616,0
1827,0
13343,0
20829,0
15891,0
18404,0
21572,0
9769,0
3017,0
14352,0
18232,0
11915,0
12146,0
24124,0
11521,0
7428,0
2036,0
6051,0
14910,0
13339,0
15904,0
12367,0
3207,0
16937,0
5515,0
8174,0
10564,0
13189,0
13689,0
15243,0
437,0
11560,0
16119,0
17224,0
19827,0
5620,0
23967,0
15599,0
14960,0
16423,0
10431,0
16033,0
7541,0
9848,0
9719,0
23156,0
3799,0
3889,0
12586,0
17869,0
10783,0
23644,0
9383,0
16297,0
6635,0
22799,0
13880,0
20088,0
18940,0
9859,0
4486,0
20310,0
15382,0
22681,0
24698,0
23696,0
18478,0
5336,0
24549,0
19970,0
24920,0
14996,0
5613,0
17839,0
19338,0
12324,0
14204,0
21786,0
5043,0
20219,0
12733,0
18780,0
7858,0
3479,0
911,0
20313,0
8889,0
10626,0
24122,0
22877,0
3523,0
10731,0
14194,0
6158,0
24254,0
1811,0
3154,0
19665,0
12686,0
23045,0
461,0
328,0
7234,0
8282,0
14299,0
5221,0
17199,0
13465,0
17211,0
7593,0
20064,0
16074,0
13976,0
1861,0
18894,0
7226,0
12737,0
2770,0
7244,0
19914,0
13071,0
17760,0
9133,0
20898,0
13928,0
10452,0
10764,0
15384,0
6557,0
17849,0
4707,0
11069,0
14054,0
16359,0
10259,0
15927,0
2471,0
9731,0
11486,0
3660,0
5169,0
3679,0
787,0
22123,0
4651,0
19331,0
7133,0
16847,0
19439,0
17476,0
1469,0
10190,0
20580,0
1787,0
986,0
3989,0
17301,0
17876,0
13816,0
152,0
20946,0
6465,0
22789,0
21193,0
11237,0
4450,0
14568,0
8111,0
10862,0
16951,0
8870,0
16035,0
17048,0
5532,0
15591,0
3599,0
18702,0
24104,0
13404,0
24721,0
11884,0
20234,0
10536,0
22055,0
14097,0
12091,0
9512,0
11690,0
16456,0
886,0
5542,0
5411,0
15168,0
15825,0
3746,0
4668,0
10994,0
13155,0
8313,0
22614,0
8420,0
2776,0
3022,0
16024,0
21930,0
14448,0
13738,0
14233,0
21104,0
20458,0
7025,0
17922,0
23982,0
1654,0
6747,0
5909,0
12177,0
23418,0
16395,0
16042,0
20218,0
15327,0
20528,0
13505,0
21462,0
22635,0
5665,0
544,0
18435,0
6425,0
12111,0
7721,0
19689,0
24371,0
9712,0
7130,0
20689,0
3586,0
758,0
20120,0
9240,0
24221,0
12965,0
5054,0
8718,0
21393,0
19558,0
22230,0
3552,0
13996,0
5237,0
24139,0
4395,0
8444,0
5123,0
18166,0
9191,0
23259,0
7170,0
21504,0
23303,0
23968,0
24563,0
6787,0
4714,0
17198,0
9681,0
2340,0
10500,0
8516,0
24476,0
12176,0
19354,0
330,0
2220,0
13328,0
2462,0
22078,0
8970,0
6843,0
9287,0
17736,0
11657,0
13145,0
7800,0
22479,0
22945,0
7903,0
15574,0
876,0
13743,0
11178,0
24276,0
24568,0
3575,0
10466,0
16418,0
24180,0
14705,0
2903,0
6588,0
7309,0
7488,0
6578,0
4474,0
14326,0
2024,0
2956,0
11426,0
6001,0
6253,0
10424,0
21953,0
17526,0
16123,0
11735,0
4345,0
1194,0
2572,0
5361,0
5822,0
15496,0
3507,0
5461,0
22063,0
22390,0
6654,0
20841,0
3229,0
24512,0
10388,0
4627,0
1543,0
3617,0
8896,0
14972,0
14748,0
9529,0
5645,0
23168,0
21229,0
6520,0
21945,0
14992,0
17955,0
1028,0
3504,0
21985,0
20150,0
15789,0
17323,0
18786,0
5254,0
21487,0
8439,0
3592,0
24696,0
873,0
985,0
1777,0
21350,0
10873,0
19026,0
16489,0
24061,0
14720,0
13925,0
19113,0
4493,0
10155,0
13579,0
19176,0
1119,0
15042,0
3049,0
10261,0
5814,0
9057,0
21051,0
21160,0
382,0
21426,0
8966,0
24742,0
18173,0
7479,0
9153,0
13542,0
8348,0
16968,0
20384,0
14869,0
18101,0
7326,0
8382,0
19931,0
13872,0
14429,0
361,0
18816,0
2943,0
15244,0
19398,0
18375,0
12752,0
12005,0
18680,0
6704,0
1266,0
23738,0
5585,0
17308,0
17874,0
2093,0
13970,0
8095,0
11576,0
17524,0
15967,0
20522,0
19691,0
12735,0
2719,0
2025,0
22193,0
15753,0
23833,0
22722,0
18126,0
18034,0
8589,0
11207,0
21291,0
16070,0
778,0
22973,0
15147,0
3233,0
21563,0
1591,0
18925,0
2764,0
7214,0
8880,0
2668,0
15447,0
18245,0
23757,0
374,0
1396,0
22443,0
521,0
8251,0
4891,0
5994,0
1220,0
7560,0
19636,0
15204,0
12501,0
10421,0
18669,0
13691,0
13326,0
18725,0
21574,0
3582,0
1082,0
7881,0
2344,0
17044,0
10065,0
22209,0
11455,0
2907,0
17259,0
18527,0
24885,0
23323,0
11493,0
8380,0
8296,0
4838,0
11595,0
5914,0
13057,0
15701,0
10995,0
12049,0
19138,0
17136,0
5630,0
9925,0
21628,0
21259,0
9004,0
21243,0
10828,0
13870,0
2451,0
18357,0
19218,0
1946,0
23410,0
9380,0
10738,0
8932,0
7494,0
16390,0
22800,0
8651,0
9062,0
13342,0
12742,0
8500,0
8807,0
18047,0
7604,0
15431,0
15272,0
18566,0
17264,0
22801,0
17481,0
21367,0
23476,0
